Model,Accuracy,Precision,Recall,F1-Score,AUC-ROC,CV_AUC_Mean,CV_AUC_Std
Logistic Regression (Balanced),0.6650863528614968,0.23653462524935878,0.7423971377459749,0.35876377782580504,0.7655706817704396,0.7615730617327954,0.00564291296651491
Logistic Regression (SMOTE),0.7425217293148211,0.2582120582120582,0.5554561717352415,0.35254044848140786,0.7605378881910067,0.8563930537690545,0.03578286726328356
Random Forest (Balanced),0.6630545208262784,0.23305690591935946,0.7289803220035778,0.3531960996749729,0.7600715378630016,0.750854729292427,0.005719803881947224
Random Forest (SMOTE),0.7243481205553675,0.24828897338403041,0.5840787119856887,0.34845250800426897,0.7539874917354542,0.9213116941573632,0.04878082117068845
