Model,Accuracy,Precision,Recall,F1-Score,AUC-ROC,CV_AUC_Mean,CV_AUC_Std
Logistic Regression,0.8727847386838243,0.3953488372093023,0.01520572450805009,0.029285099052540915,0.765572068342277,0.7615346662171707,0.005489850902100025
Random Forest,0.8736877751439215,0.42857142857142855,0.0026833631484794273,0.005333333333333333,0.7612405334696488,0.7553577309307251,0.006030602366922887
