Model,Target,Accuracy,Precision,Recall,F1-Score,AUC-ROC
Logistic Regression,당뇨병,0.978214245400158,0.9247015610651974,0.9007155635062611,0.9125509741730856,0.9953480514852611
Logistic Regression,고위험군,0.978214245400158,0.9247015610651974,0.9007155635062611,0.9125509741730856,0.9953480514852611
Random Forest,당뇨병,1.0,1.0,1.0,1.0,1.0
Random Forest,고위험군,1.0,1.0,1.0,1.0,1.0
